"GEO";"GEO_OBJECT";"SEX";"AGE";"EP_MEASURE";"OBS_STATUS_FR";TIME_PERIOD;OBS_VALUE
"09";"DEP";"_T";"_T";"POP";"D";2020;153954
"25";"DEP";"_T";"_T";"POP";"D";2020;545209
"972";"DEP";"_T";"_T";"POP";"D";2020;361225
"65";"DEP";"_T";"_T";"POP";"D";2020;229788
"15";"DEP";"_T";"_T";"POP";"D";2020;144379
"2A";"DEP";"_T";"_T";"POP";"D";2020;160814
"92";"DEP";"_T";"_T";"POP";"D";2020;1626213
"69";"DEP";"_T";"_T";"POP";"D";2020;1883437
"76";"DEP";"_T";"_T";"POP";"D";2020;1254739
"71";"DEP";"_T";"_T";"POP";"D";2020;551063
"85";"DEP";"_T";"_T";"POP";"D";2020;692705
"89";"DEP";"_T";"_T";"POP";"D";2020;334156
"34";"DEP";"_T";"_T";"POP";"D";2020;1188973
"18";"DEP";"_T";"_T";"POP";"D";2020;300933
"61";"DEP";"_T";"_T";"POP";"D";2020;278475
"11";"DEP";"_T";"_T";"POP";"D";2020;375217
"68";"DEP";"_T";"_T";"POP";"D";2020;767842
"39";"DEP";"_T";"_T";"POP";"D";2020;258798
"95";"DEP";"_T";"_T";"POP";"D";2020;1251804
"38";"DEP";"_T";"_T";"POP";"D";2020;1277513
"72";"DEP";"_T";"_T";"POP";"D";2020;566993
"04";"DEP";"_T";"_T";"POP";"D";2020;165451
"66";"DEP";"_T";"_T";"POP";"D";2020;482765
"73";"DEP";"_T";"_T";"POP";"D";2020;439750
"50";"DEP";"_T";"_T";"POP";"D";2020;495093
"17";"DEP";"_T";"_T";"POP";"D";2020;655709
"19";"DEP";"_T";"_T";"POP";"D";2020;239190
"58";"DEP";"_T";"_T";"POP";"D";2020;202670
"81";"DEP";"_T";"_T";"POP";"D";2020;391066
"49";"DEP";"_T";"_T";"POP";"D";2020;820713
"23";"DEP";"_T";"_T";"POP";"D";2020;115995
"13";"DEP";"_T";"_T";"POP";"D";2020;2048070
"44";"DEP";"_T";"_T";"POP";"D";2020;1445171
"88";"DEP";"_T";"_T";"POP";"D";2020;362397
"37";"DEP";"_T";"_T";"POP";"D";2020;612119
"82";"DEP";"_T";"_T";"POP";"D";2020;262316
"36";"DEP";"_T";"_T";"POP";"D";2020;218707
"67";"DEP";"_T";"_T";"POP";"D";2020;1148073
"91";"DEP";"_T";"_T";"POP";"D";2020;1306118
"971";"DEP";"_T";"_T";"POP";"D";2020;383559
"93";"DEP";"_T";"_T";"POP";"D";2020;1655422
"86";"DEP";"_T";"_T";"POP";"D";2020;439332
"80";"DEP";"_T";"_T";"POP";"D";2020;568748
"05";"DEP";"_T";"_T";"POP";"D";2020;140605
"74";"DEP";"_T";"_T";"POP";"D";2020;835206
"78";"DEP";"_T";"_T";"POP";"D";2020;1449723
"26";"DEP";"_T";"_T";"POP";"D";2020;517709
"47";"DEP";"_T";"_T";"POP";"D";2020;330844
"31";"DEP";"_T";"_T";"POP";"D";2020;1415757
"16";"DEP";"_T";"_T";"POP";"D";2020;351718
"46";"DEP";"_T";"_T";"POP";"D";2020;174670
"43";"DEP";"_T";"_T";"POP";"D";2020;227489
"94";"DEP";"_T";"_T";"POP";"D";2020;1407972
"79";"DEP";"_T";"_T";"POP";"D";2020;374481
"64";"DEP";"_T";"_T";"POP";"D";2020;687240
"45";"DEP";"_T";"_T";"POP";"D";2020;682304
"53";"DEP";"_T";"_T";"POP";"D";2020;306538
"54";"DEP";"_T";"_T";"POP";"D";2020;732590
"51";"DEP";"_T";"_T";"POP";"D";2020;566659
"56";"DEP";"_T";"_T";"POP";"D";2020;764161
"32";"DEP";"_T";"_T";"POP";"D";2020;191819
"01";"DEP";"_T";"_T";"POP";"D";2020;657856
"973";"DEP";"_T";"_T";"POP";"D";2020;285133
"27";"DEP";"_T";"_T";"POP";"D";2020;599668
"976";"DEP";"_T";"_T";"POP";"D";2020;279696
"41";"DEP";"_T";"_T";"POP";"D";2020;329357
"70";"DEP";"_T";"_T";"POP";"D";2020;234601
"59";"DEP";"_T";"_T";"POP";"D";2020;2607746
"2B";"DEP";"_T";"_T";"POP";"D";2020;182887
"21";"DEP";"_T";"_T";"POP";"D";2020;535078
"12";"DEP";"_T";"_T";"POP";"D";2020;279554
"974";"DEP";"_T";"_T";"POP";"D";2020;863083
"84";"DEP";"_T";"_T";"POP";"D";2020;561941
"24";"DEP";"_T";"_T";"POP";"D";2020;412807
"40";"DEP";"_T";"_T";"POP";"D";2020;418122
"42";"DEP";"_T";"_T";"POP";"D";2020;768508
"03";"DEP";"_T";"_T";"POP";"D";2020;335628
"08";"DEP";"_T";"_T";"POP";"D";2020;269701
"33";"DEP";"_T";"_T";"POP";"D";2020;1636391
"55";"DEP";"_T";"_T";"POP";"D";2020;183001
"77";"DEP";"_T";"_T";"POP";"D";2020;1428636
"87";"DEP";"_T";"_T";"POP";"D";2020;372123
"60";"DEP";"_T";"_T";"POP";"D";2020;829699
"14";"DEP";"_T";"_T";"POP";"D";2020;697547
"83";"DEP";"_T";"_T";"POP";"D";2020;1085189
"52";"DEP";"_T";"_T";"POP";"D";2020;171798
"28";"DEP";"_T";"_T";"POP";"D";2020;431443
"63";"DEP";"_T";"_T";"POP";"D";2020;661852
"06";"DEP";"_T";"_T";"POP";"D";2020;1097410
"35";"DEP";"_T";"_T";"POP";"D";2020;1088855
"57";"DEP";"_T";"_T";"POP";"D";2020;1049155
"75";"DEP";"_T";"_T";"POP";"D";2020;2145906
"48";"DEP";"_T";"_T";"POP";"D";2020;76633
"07";"DEP";"_T";"_T";"POP";"D";2020;329325
"02";"DEP";"_T";"_T";"POP";"D";2020;529374
"90";"DEP";"_T";"_T";"POP";"D";2020;140120
"29";"DEP";"_T";"_T";"POP";"D";2020;917179
"10";"DEP";"_T";"_T";"POP";"D";2020;311435
"22";"DEP";"_T";"_T";"POP";"D";2020;603640
"62";"DEP";"_T";"_T";"POP";"D";2020;1462167
"30";"DEP";"_T";"_T";"POP";"D";2020;751457
"25";"DEP";"_T";"_T";"POP";"D";2021;547096
"01";"DEP";"_T";"_T";"POP";"D";2021;663202
"34";"DEP";"_T";"_T";"POP";"D";2021;1201883
"43";"DEP";"_T";"_T";"POP";"D";2021;227284
"27";"DEP";"_T";"_T";"POP";"D";2021;598934
"46";"DEP";"_T";"_T";"POP";"D";2021;174942
"02";"DEP";"_T";"_T";"POP";"D";2021;527468
"50";"DEP";"_T";"_T";"POP";"D";2021;495508
"08";"DEP";"_T";"_T";"POP";"D";2021;268859
"23";"DEP";"_T";"_T";"POP";"D";2021;115702
"17";"DEP";"_T";"_T";"POP";"D";2021;661404
"45";"DEP";"_T";"_T";"POP";"D";2021;684561
"31";"DEP";"_T";"_T";"POP";"D";2021;1434367
"37";"DEP";"_T";"_T";"POP";"D";2021;612160
"84";"DEP";"_T";"_T";"POP";"D";2021;564566
"79";"DEP";"_T";"_T";"POP";"D";2021;374587
"974";"DEP";"_T";"_T";"POP";"D";2021;871157
"32";"DEP";"_T";"_T";"POP";"D";2021;192437
"49";"DEP";"_T";"_T";"POP";"D";2021;824743
"55";"DEP";"_T";"_T";"POP";"D";2021;181919
"77";"DEP";"_T";"_T";"POP";"D";2021;1438100
"2B";"DEP";"_T";"_T";"POP";"D";2021;184655
"16";"DEP";"_T";"_T";"POP";"D";2021;350867
"51";"DEP";"_T";"_T";"POP";"D";2021;565292
"63";"DEP";"_T";"_T";"POP";"D";2021;662285
"03";"DEP";"_T";"_T";"POP";"D";2021;334872
"52";"DEP";"_T";"_T";"POP";"D";2021;171042
"18";"DEP";"_T";"_T";"POP";"D";2021;299573
"64";"DEP";"_T";"_T";"POP";"D";2021;693027
"86";"DEP";"_T";"_T";"POP";"D";2021;439385
"68";"DEP";"_T";"_T";"POP";"D";2021;767083
"94";"DEP";"_T";"_T";"POP";"D";2021;1415367
"75";"DEP";"_T";"_T";"POP";"D";2021;2133111
"76";"DEP";"_T";"_T";"POP";"D";2021;1255918
"61";"DEP";"_T";"_T";"POP";"D";2021;276973
"91";"DEP";"_T";"_T";"POP";"D";2021;1313768
"71";"DEP";"_T";"_T";"POP";"D";2021;549288
"976";"DEP";"_T";"_T";"POP";"D";2021;289039
"66";"DEP";"_T";"_T";"POP";"D";2021;487307
"44";"DEP";"_T";"_T";"POP";"D";2021;1457806
"74";"DEP";"_T";"_T";"POP";"D";2021;841482
"26";"DEP";"_T";"_T";"POP";"D";2021;519458
"22";"DEP";"_T";"_T";"POP";"D";2021;605917
"78";"DEP";"_T";"_T";"POP";"D";2021;1456365
"15";"DEP";"_T";"_T";"POP";"D";2021;144226
"30";"DEP";"_T";"_T";"POP";"D";2021;756543
"81";"DEP";"_T";"_T";"POP";"D";2021;393572
"57";"DEP";"_T";"_T";"POP";"D";2021;1049942
"35";"DEP";"_T";"_T";"POP";"D";2021;1098325
"70";"DEP";"_T";"_T";"POP";"D";2021;234296
"973";"DEP";"_T";"_T";"POP";"D";2021;286618
"11";"DEP";"_T";"_T";"POP";"D";2021;376028
"69";"DEP";"_T";"_T";"POP";"D";2021;1893692
"80";"DEP";"_T";"_T";"POP";"D";2021;566252
"87";"DEP";"_T";"_T";"POP";"D";2021;371691
"38";"DEP";"_T";"_T";"POP";"D";2021;1284948
"24";"DEP";"_T";"_T";"POP";"D";2021;413730
"93";"DEP";"_T";"_T";"POP";"D";2021;1668670
"82";"DEP";"_T";"_T";"POP";"D";2021;263377
"10";"DEP";"_T";"_T";"POP";"D";2021;311329
"83";"DEP";"_T";"_T";"POP";"D";2021;1095337
"73";"DEP";"_T";"_T";"POP";"D";2021;442468
"39";"DEP";"_T";"_T";"POP";"D";2021;258555
"48";"DEP";"_T";"_T";"POP";"D";2021;76519
"67";"DEP";"_T";"_T";"POP";"D";2021;1152662
"58";"DEP";"_T";"_T";"POP";"D";2021;202417
"85";"DEP";"_T";"_T";"POP";"D";2021;699459
"06";"DEP";"_T";"_T";"POP";"D";2021;1103941
"53";"DEP";"_T";"_T";"POP";"D";2021;305933
"90";"DEP";"_T";"_T";"POP";"D";2021;139654
"09";"DEP";"_T";"_T";"POP";"D";2021;154596
"88";"DEP";"_T";"_T";"POP";"D";2021;360673
"29";"DEP";"_T";"_T";"POP";"D";2021;921638
"47";"DEP";"_T";"_T";"POP";"D";2021;331229
"56";"DEP";"_T";"_T";"POP";"D";2021;768687
"971";"DEP";"_T";"_T";"POP";"D";2021;384315
"42";"DEP";"_T";"_T";"POP";"D";2021;769029
"07";"DEP";"_T";"_T";"POP";"D";2021;331415
"36";"DEP";"_T";"_T";"POP";"D";2021;217228
"04";"DEP";"_T";"_T";"POP";"D";2021;166077
"72";"DEP";"_T";"_T";"POP";"D";2021;566058
"972";"DEP";"_T";"_T";"POP";"D";2021;360749
"60";"DEP";"_T";"_T";"POP";"D";2021;828838
"2A";"DEP";"_T";"_T";"POP";"D";2021;162942
"95";"DEP";"_T";"_T";"POP";"D";2021;1256607
"05";"DEP";"_T";"_T";"POP";"D";2021;140976
"33";"DEP";"_T";"_T";"POP";"D";2021;1654970
"12";"DEP";"_T";"_T";"POP";"D";2021;279649
"65";"DEP";"_T";"_T";"POP";"D";2021;230956
"19";"DEP";"_T";"_T";"POP";"D";2021;239784
"59";"DEP";"_T";"_T";"POP";"D";2021;2611293
"13";"DEP";"_T";"_T";"POP";"D";2021;2056943
"41";"DEP";"_T";"_T";"POP";"D";2021;328504
"21";"DEP";"_T";"_T";"POP";"D";2021;535503
"14";"DEP";"_T";"_T";"POP";"D";2021;700633
"54";"DEP";"_T";"_T";"POP";"D";2021;732486
"40";"DEP";"_T";"_T";"POP";"D";2021;422976
"28";"DEP";"_T";"_T";"POP";"D";2021;431277
"89";"DEP";"_T";"_T";"POP";"D";2021;333385
"62";"DEP";"_T";"_T";"POP";"D";2021;1461441
"92";"DEP";"_T";"_T";"POP";"D";2021;1635291
"27";"DEP";"_T";"_T";"POP";"D";2022;601305
"58";"DEP";"_T";"_T";"POP";"D";2022;202299
"86";"DEP";"_T";"_T";"POP";"D";2022;438688
"2A";"DEP";"_T";"_T";"POP";"D";2022;166045
"65";"DEP";"_T";"_T";"POP";"D";2022;231453
"16";"DEP";"_T";"_T";"POP";"D";2022;351603
"82";"DEP";"_T";"_T";"POP";"D";2022;264924
"72";"DEP";"_T";"_T";"POP";"D";2022;566129
"91";"DEP";"_T";"_T";"POP";"D";2022;1324546
"87";"DEP";"_T";"_T";"POP";"D";2022;372438
"75";"DEP";"_T";"_T";"POP";"D";2022;2113705
"11";"DEP";"_T";"_T";"POP";"D";2022;377773
"63";"DEP";"_T";"_T";"POP";"D";2022;664385
"68";"DEP";"_T";"_T";"POP";"D";2022;767800
"93";"DEP";"_T";"_T";"POP";"D";2022;1681725
"37";"DEP";"_T";"_T";"POP";"D";2022;616326
"48";"DEP";"_T";"_T";"POP";"D";2022;76503
"18";"DEP";"_T";"_T";"POP";"D";2022;299496
"61";"DEP";"_T";"_T";"POP";"D";2022;276144
"34";"DEP";"_T";"_T";"POP";"D";2022;1217331
"02";"DEP";"_T";"_T";"POP";"D";2022;525558
"46";"DEP";"_T";"_T";"POP";"D";2022;175620
"22";"DEP";"_T";"_T";"POP";"D";2022;609598
"44";"DEP";"_T";"_T";"POP";"D";2022;1473156
"67";"DEP";"_T";"_T";"POP";"D";2022;1156963
"53";"DEP";"_T";"_T";"POP";"D";2022;305437
"36";"DEP";"_T";"_T";"POP";"D";2022;216809
"13";"DEP";"_T";"_T";"POP";"D";2022;2069811
"28";"DEP";"_T";"_T";"POP";"D";2022;432950
"21";"DEP";"_T";"_T";"POP";"D";2022;537577
"973";"DEP";"_T";"_T";"POP";"D";2022;288382
"07";"DEP";"_T";"_T";"POP";"D";2022;333229
"03";"DEP";"_T";"_T";"POP";"D";2022;334715
"47";"DEP";"_T";"_T";"POP";"D";2022;332226
"971";"DEP";"_T";"_T";"POP";"D";2022;383569
"976";"DEP";"_T";"_T";"POP";"D";2022;299634
"64";"DEP";"_T";"_T";"POP";"D";2022;699473
"2B";"DEP";"_T";"_T";"POP";"D";2022;185231
"24";"DEP";"_T";"_T";"POP";"D";2022;416325
"09";"DEP";"_T";"_T";"POP";"D";2022;155339
"38";"DEP";"_T";"_T";"POP";"D";2022;1291380
"05";"DEP";"_T";"_T";"POP";"D";2022;141677
"85";"DEP";"_T";"_T";"POP";"D";2022;706343
"83";"DEP";"_T";"_T";"POP";"D";2022;1108364
"17";"DEP";"_T";"_T";"POP";"D";2022;668160
"974";"DEP";"_T";"_T";"POP";"D";2022;881348
"66";"DEP";"_T";"_T";"POP";"D";2022;492964
"10";"DEP";"_T";"_T";"POP";"D";2022;311076
"52";"DEP";"_T";"_T";"POP";"D";2022;169865
"73";"DEP";"_T";"_T";"POP";"D";2022;445288
"12";"DEP";"_T";"_T";"POP";"D";2022;279736
"42";"DEP";"_T";"_T";"POP";"D";2022;772041
"15";"DEP";"_T";"_T";"POP";"D";2022;144399
"50";"DEP";"_T";"_T";"POP";"D";2022;496815
"89";"DEP";"_T";"_T";"POP";"D";2022;333896
"51";"DEP";"_T";"_T";"POP";"D";2022;564107
"84";"DEP";"_T";"_T";"POP";"D";2022;568702
"32";"DEP";"_T";"_T";"POP";"D";2022;192649
"26";"DEP";"_T";"_T";"POP";"D";2022;521432
"95";"DEP";"_T";"_T";"POP";"D";2022;1270845
"57";"DEP";"_T";"_T";"POP";"D";2022;1050721
"04";"DEP";"_T";"_T";"POP";"D";2022;167179
"14";"DEP";"_T";"_T";"POP";"D";2022;704605
"76";"DEP";"_T";"_T";"POP";"D";2022;1260205
"54";"DEP";"_T";"_T";"POP";"D";2022;732898
"90";"DEP";"_T";"_T";"POP";"D";2022;140082
"69";"DEP";"_T";"_T";"POP";"D";2022;1907982
"56";"DEP";"_T";"_T";"POP";"D";2022;776103
"59";"DEP";"_T";"_T";"POP";"D";2022;2616909
"06";"DEP";"_T";"_T";"POP";"D";2022;1114579
"08";"DEP";"_T";"_T";"POP";"D";2022;267204
"71";"DEP";"_T";"_T";"POP";"D";2022;549136
"30";"DEP";"_T";"_T";"POP";"D";2022;764010
"81";"DEP";"_T";"_T";"POP";"D";2022;396168
"41";"DEP";"_T";"_T";"POP";"D";2022;328953
"31";"DEP";"_T";"_T";"POP";"D";2022;1456261
"80";"DEP";"_T";"_T";"POP";"D";2022;565540
"78";"DEP";"_T";"_T";"POP";"D";2022;1470778
"77";"DEP";"_T";"_T";"POP";"D";2022;1452399
"92";"DEP";"_T";"_T";"POP";"D";2022;1647435
"972";"DEP";"_T";"_T";"POP";"D";2022;361019
"19";"DEP";"_T";"_T";"POP";"D";2022;240120
"79";"DEP";"_T";"_T";"POP";"D";2022;375415
"60";"DEP";"_T";"_T";"POP";"D";2022;830725
"33";"DEP";"_T";"_T";"POP";"D";2022;1674980
"43";"DEP";"_T";"_T";"POP";"D";2022;228161
"35";"DEP";"_T";"_T";"POP";"D";2022;1109232
"70";"DEP";"_T";"_T";"POP";"D";2022;233920
"40";"DEP";"_T";"_T";"POP";"D";2022;428427
"23";"DEP";"_T";"_T";"POP";"D";2022;115529
"45";"DEP";"_T";"_T";"POP";"D";2022;687063
"29";"DEP";"_T";"_T";"POP";"D";2022;927912
"01";"DEP";"_T";"_T";"POP";"D";2022;671289
"25";"DEP";"_T";"_T";"POP";"D";2022;548662
"39";"DEP";"_T";"_T";"POP";"D";2022;258405
"49";"DEP";"_T";"_T";"POP";"D";2022;828151
"94";"DEP";"_T";"_T";"POP";"D";2022;1419531
"62";"DEP";"_T";"_T";"POP";"D";2022;1460184
"74";"DEP";"_T";"_T";"POP";"D";2022;849583
"55";"DEP";"_T";"_T";"POP";"D";2022;180745
"88";"DEP";"_T";"_T";"POP";"D";2022;358700
"13";"DEP";"_T";"_T";"POP";"PROV";2023;2076707
"16";"DEP";"_T";"_T";"POP";"PROV";2023;351023
"88";"DEP";"_T";"_T";"POP";"PROV";2023;356433
"21";"DEP";"_T";"_T";"POP";"PROV";2023;538080
"92";"DEP";"_T";"_T";"POP";"PROV";2023;1653212
"09";"DEP";"_T";"_T";"POP";"PROV";2023;155760
"41";"DEP";"_T";"_T";"POP";"PROV";2023;328360
"05";"DEP";"_T";"_T";"POP";"PROV";2023;141826
"87";"DEP";"_T";"_T";"POP";"PROV";2023;372083
"72";"DEP";"_T";"_T";"POP";"PROV";2023;565349
"86";"DEP";"_T";"_T";"POP";"PROV";2023;438142
"27";"DEP";"_T";"_T";"POP";"PROV";2023;601533
"70";"DEP";"_T";"_T";"POP";"PROV";2023;233293
"30";"DEP";"_T";"_T";"POP";"PROV";2023;768166
"83";"DEP";"_T";"_T";"POP";"PROV";2023;1117572
"69";"DEP";"_T";"_T";"POP";"PROV";2023;1916464
"39";"DEP";"_T";"_T";"POP";"PROV";2023;257986
"57";"DEP";"_T";"_T";"POP";"PROV";2023;1050692
"26";"DEP";"_T";"_T";"POP";"PROV";2023;522454
"34";"DEP";"_T";"_T";"POP";"PROV";2023;1229560
"73";"DEP";"_T";"_T";"POP";"PROV";2023;447997
"01";"DEP";"_T";"_T";"POP";"PROV";2023;677187
"18";"DEP";"_T";"_T";"POP";"PROV";2023;298404
"43";"DEP";"_T";"_T";"POP";"PROV";2023;228034
"23";"DEP";"_T";"_T";"POP";"PROV";2023;114940
"25";"DEP";"_T";"_T";"POP";"PROV";2023;549462
"19";"DEP";"_T";"_T";"POP";"PROV";2023;239911
"28";"DEP";"_T";"_T";"POP";"PROV";2023;433132
"47";"DEP";"_T";"_T";"POP";"PROV";2023;332080
"78";"DEP";"_T";"_T";"POP";"PROV";2023;1477228
"36";"DEP";"_T";"_T";"POP";"PROV";2023;215578
"49";"DEP";"_T";"_T";"POP";"PROV";2023;830394
"45";"DEP";"_T";"_T";"POP";"PROV";2023;688539
"79";"DEP";"_T";"_T";"POP";"PROV";2023;375016
"50";"DEP";"_T";"_T";"POP";"PROV";2023;496441
"33";"DEP";"_T";"_T";"POP";"PROV";2023;1689714
"89";"DEP";"_T";"_T";"POP";"PROV";2023;332690
"972";"DEP";"_T";"_T";"POP";"PROV";2023;359202
"82";"DEP";"_T";"_T";"POP";"PROV";2023;265956
"64";"DEP";"_T";"_T";"POP";"PROV";2023;704074
"40";"DEP";"_T";"_T";"POP";"PROV";2023;432717
"44";"DEP";"_T";"_T";"POP";"PROV";2023;1486149
"46";"DEP";"_T";"_T";"POP";"PROV";2023;175858
"94";"DEP";"_T";"_T";"POP";"PROV";2023;1422186
"56";"DEP";"_T";"_T";"POP";"PROV";2023;780633
"71";"DEP";"_T";"_T";"POP";"PROV";2023;547788
"37";"DEP";"_T";"_T";"POP";"PROV";2023;617703
"81";"DEP";"_T";"_T";"POP";"PROV";2023;397775
"60";"DEP";"_T";"_T";"POP";"PROV";2023;830509
"24";"DEP";"_T";"_T";"POP";"PROV";2023;416671
"52";"DEP";"_T";"_T";"POP";"PROV";2023;168854
"22";"DEP";"_T";"_T";"POP";"PROV";2023;611258
"02";"DEP";"_T";"_T";"POP";"PROV";2023;523228
"06";"DEP";"_T";"_T";"POP";"PROV";2023;1119807
"85";"DEP";"_T";"_T";"POP";"PROV";2023;711902
"68";"DEP";"_T";"_T";"POP";"PROV";2023;767160
"58";"DEP";"_T";"_T";"POP";"PROV";2023;201409
"976";"DEP";"_T";"_T";"POP";"PROV";2023;310199
"53";"DEP";"_T";"_T";"POP";"PROV";2023;304630
"51";"DEP";"_T";"_T";"POP";"PROV";2023;562387
"973";"DEP";"_T";"_T";"POP";"PROV";2023;290110
"14";"DEP";"_T";"_T";"POP";"PROV";2023;706548
"12";"DEP";"_T";"_T";"POP";"PROV";2023;279241
"63";"DEP";"_T";"_T";"POP";"PROV";2023;664263
"38";"DEP";"_T";"_T";"POP";"PROV";2023;1297087
"10";"DEP";"_T";"_T";"POP";"PROV";2023;311170
"15";"DEP";"_T";"_T";"POP";"PROV";2023;144177
"84";"DEP";"_T";"_T";"POP";"PROV";2023;570432
"76";"DEP";"_T";"_T";"POP";"PROV";2023;1260258
"93";"DEP";"_T";"_T";"POP";"PROV";2023;1692115
"55";"DEP";"_T";"_T";"POP";"PROV";2023;179439
"32";"DEP";"_T";"_T";"POP";"PROV";2023;192822
"04";"DEP";"_T";"_T";"POP";"PROV";2023;168005
"75";"DEP";"_T";"_T";"POP";"PROV";2023;2092813
"90";"DEP";"_T";"_T";"POP";"PROV";2023;139526
"91";"DEP";"_T";"_T";"POP";"PROV";2023;1331182
"48";"DEP";"_T";"_T";"POP";"PROV";2023;76471
"29";"DEP";"_T";"_T";"POP";"PROV";2023;930710
"35";"DEP";"_T";"_T";"POP";"PROV";2023;1117647
"67";"DEP";"_T";"_T";"POP";"PROV";2023;1160728
"80";"DEP";"_T";"_T";"POP";"PROV";2023;563543
"65";"DEP";"_T";"_T";"POP";"PROV";2023;231638
"17";"DEP";"_T";"_T";"POP";"PROV";2023;672443
"42";"DEP";"_T";"_T";"POP";"PROV";2023;773693
"971";"DEP";"_T";"_T";"POP";"PROV";2023;382733
"11";"DEP";"_T";"_T";"POP";"PROV";2023;378427
"61";"DEP";"_T";"_T";"POP";"PROV";2023;274742
"31";"DEP";"_T";"_T";"POP";"PROV";2023;1473299
"2B";"DEP";"_T";"_T";"POP";"PROV";2023;185989
"54";"DEP";"_T";"_T";"POP";"PROV";2023;731744
"974";"DEP";"_T";"_T";"POP";"PROV";2023;886453
"59";"DEP";"_T";"_T";"POP";"PROV";2023;2616339
"03";"DEP";"_T";"_T";"POP";"PROV";2023;333922
"2A";"DEP";"_T";"_T";"POP";"PROV";2023;168277
"74";"DEP";"_T";"_T";"POP";"PROV";2023;856707
"08";"DEP";"_T";"_T";"POP";"PROV";2023;265865
"77";"DEP";"_T";"_T";"POP";"PROV";2023;1461552
"07";"DEP";"_T";"_T";"POP";"PROV";2023;334451
"62";"DEP";"_T";"_T";"POP";"PROV";2023;1456673
"95";"DEP";"_T";"_T";"POP";"PROV";2023;1277071
"66";"DEP";"_T";"_T";"POP";"PROV";2023;496280
"29";"DEP";"_T";"_T";"POP";"PROV";2024;933628
"93";"DEP";"_T";"_T";"POP";"PROV";2024;1702158
"23";"DEP";"_T";"_T";"POP";"PROV";2024;114600
"40";"DEP";"_T";"_T";"POP";"PROV";2024;436872
"62";"DEP";"_T";"_T";"POP";"PROV";2024;1453532
"08";"DEP";"_T";"_T";"POP";"PROV";2024;264556
"44";"DEP";"_T";"_T";"POP";"PROV";2024;1498959
"59";"DEP";"_T";"_T";"POP";"PROV";2024;2616167
"15";"DEP";"_T";"_T";"POP";"PROV";2024;143964
"46";"DEP";"_T";"_T";"POP";"PROV";2024;176103
"68";"DEP";"_T";"_T";"POP";"PROV";2024;766549
"06";"DEP";"_T";"_T";"POP";"PROV";2024;1124992
"70";"DEP";"_T";"_T";"POP";"PROV";2024;232626
"21";"DEP";"_T";"_T";"POP";"PROV";2024;538508
"81";"DEP";"_T";"_T";"POP";"PROV";2024;399634
"24";"DEP";"_T";"_T";"POP";"PROV";2024;417397
"34";"DEP";"_T";"_T";"POP";"PROV";2024;1241541
"56";"DEP";"_T";"_T";"POP";"PROV";2024;785243
"73";"DEP";"_T";"_T";"POP";"PROV";2024;450451
"87";"DEP";"_T";"_T";"POP";"PROV";2024;371847
"54";"DEP";"_T";"_T";"POP";"PROV";2024;730498
"974";"DEP";"_T";"_T";"POP";"PROV";2024;892102
"83";"DEP";"_T";"_T";"POP";"PROV";2024;1126788
"82";"DEP";"_T";"_T";"POP";"PROV";2024;267035
"14";"DEP";"_T";"_T";"POP";"PROV";2024;709128
"976";"DEP";"_T";"_T";"POP";"PROV";2024;320282
"03";"DEP";"_T";"_T";"POP";"PROV";2024;333234
"2A";"DEP";"_T";"_T";"POP";"PROV";2024;170513
"71";"DEP";"_T";"_T";"POP";"PROV";2024;546754
"90";"DEP";"_T";"_T";"POP";"PROV";2024;138987
"07";"DEP";"_T";"_T";"POP";"PROV";2024;335833
"35";"DEP";"_T";"_T";"POP";"PROV";2024;1126416
"13";"DEP";"_T";"_T";"POP";"PROV";2024;2083682
"85";"DEP";"_T";"_T";"POP";"PROV";2024;717667
"79";"DEP";"_T";"_T";"POP";"PROV";2024;374890
"43";"DEP";"_T";"_T";"POP";"PROV";2024;228010
"75";"DEP";"_T";"_T";"POP";"PROV";2024;2070806
"09";"DEP";"_T";"_T";"POP";"PROV";2024;156304
"86";"DEP";"_T";"_T";"POP";"PROV";2024;437691
"30";"DEP";"_T";"_T";"POP";"PROV";2024;772243
"971";"DEP";"_T";"_T";"POP";"PROV";2024;381909
"69";"DEP";"_T";"_T";"POP";"PROV";2024;1924716
"88";"DEP";"_T";"_T";"POP";"PROV";2024;354450
"10";"DEP";"_T";"_T";"POP";"PROV";2024;311187
"78";"DEP";"_T";"_T";"POP";"PROV";2024;1483576
"37";"DEP";"_T";"_T";"POP";"PROV";2024;619310
"60";"DEP";"_T";"_T";"POP";"PROV";2024;830031
"12";"DEP";"_T";"_T";"POP";"PROV";2024;278821
"31";"DEP";"_T";"_T";"POP";"PROV";2024;1489751
"38";"DEP";"_T";"_T";"POP";"PROV";2024;1302971
"32";"DEP";"_T";"_T";"POP";"PROV";2024;192920
"61";"DEP";"_T";"_T";"POP";"PROV";2024;273419
"66";"DEP";"_T";"_T";"POP";"PROV";2024;500103
"36";"DEP";"_T";"_T";"POP";"PROV";2024;214525
"65";"DEP";"_T";"_T";"POP";"PROV";2024;232145
"64";"DEP";"_T";"_T";"POP";"PROV";2024;708825
"58";"DEP";"_T";"_T";"POP";"PROV";2024;200541
"04";"DEP";"_T";"_T";"POP";"PROV";2024;168908
"27";"DEP";"_T";"_T";"POP";"PROV";2024;601853
"39";"DEP";"_T";"_T";"POP";"PROV";2024;257644
"01";"DEP";"_T";"_T";"POP";"PROV";2024;683034
"95";"DEP";"_T";"_T";"POP";"PROV";2024;1282581
"19";"DEP";"_T";"_T";"POP";"PROV";2024;239704
"74";"DEP";"_T";"_T";"POP";"PROV";2024;863640
"51";"DEP";"_T";"_T";"POP";"PROV";2024;560550
"50";"DEP";"_T";"_T";"POP";"PROV";2024;496331
"973";"DEP";"_T";"_T";"POP";"PROV";2024;291774
"89";"DEP";"_T";"_T";"POP";"PROV";2024;331845
"28";"DEP";"_T";"_T";"POP";"PROV";2024;433304
"52";"DEP";"_T";"_T";"POP";"PROV";2024;168009
"94";"DEP";"_T";"_T";"POP";"PROV";2024;1424361
"22";"DEP";"_T";"_T";"POP";"PROV";2024;613301
"53";"DEP";"_T";"_T";"POP";"PROV";2024;303859
"972";"DEP";"_T";"_T";"POP";"PROV";2024;357590
"84";"DEP";"_T";"_T";"POP";"PROV";2024;572065
"17";"DEP";"_T";"_T";"POP";"PROV";2024;677189
"33";"DEP";"_T";"_T";"POP";"PROV";2024;1704597
"91";"DEP";"_T";"_T";"POP";"PROV";2024;1337492
"26";"DEP";"_T";"_T";"POP";"PROV";2024;523457
"47";"DEP";"_T";"_T";"POP";"PROV";2024;332318
"25";"DEP";"_T";"_T";"POP";"PROV";2024;550255
"41";"DEP";"_T";"_T";"POP";"PROV";2024;328012
"49";"DEP";"_T";"_T";"POP";"PROV";2024;832858
"57";"DEP";"_T";"_T";"POP";"PROV";2024;1050897
"72";"DEP";"_T";"_T";"POP";"PROV";2024;564913
"42";"DEP";"_T";"_T";"POP";"PROV";2024;775357
"92";"DEP";"_T";"_T";"POP";"PROV";2024;1658614
"45";"DEP";"_T";"_T";"POP";"PROV";2024;689845
"77";"DEP";"_T";"_T";"POP";"PROV";2024;1470763
"18";"DEP";"_T";"_T";"POP";"PROV";2024;297019
"16";"DEP";"_T";"_T";"POP";"PROV";2024;350672
"80";"DEP";"_T";"_T";"POP";"PROV";2024;561656
"55";"DEP";"_T";"_T";"POP";"PROV";2024;178231
"02";"DEP";"_T";"_T";"POP";"PROV";2024;521152
"76";"DEP";"_T";"_T";"POP";"PROV";2024;1260312
"48";"DEP";"_T";"_T";"POP";"PROV";2024;76512
"11";"DEP";"_T";"_T";"POP";"PROV";2024;379190
"63";"DEP";"_T";"_T";"POP";"PROV";2024;664135
"05";"DEP";"_T";"_T";"POP";"PROV";2024;141906
"67";"DEP";"_T";"_T";"POP";"PROV";2024;1164797
"2B";"DEP";"_T";"_T";"POP";"PROV";2024;186724